show databases;
use `Warehouse Inventory Management System`;
show tables;

-- Insert records into Categories table
INSERT INTO Categories (CategoryName, CategoryDescription) VALUES
('Electronics', 'Consumer electronics'),
('Clothing', 'Apparel and accessories'),
('Books', 'Fiction and non-fiction books'),
('Furniture', 'Home and office furniture'),
('Groceries', 'Food and household items'),
('Tools', 'Hand and power tools'),
('Toys', 'Childrens toys and games'),
('Sports', 'Sporting goods and equipment'),
('Automotive', 'Car parts and accessories'),
('Beauty', 'Cosmetics and personal care'),
('Garden', 'Gardening supplies'),
('Pet Supplies', 'Pet food and accessories'),
('Office Supplies', 'Stationary and office equipment'),
('Music', 'Musical instruments and accessories'),
('Jewelry', 'Rings, necklaces, and earrings'),
('Art Supplies', 'Paints, brushes, and canvases'),
('Kitchenware', 'Pots, pans, and utensils'),
('Hardware', 'Nuts, bolts, and screws'),
('Video Games', 'Consoles and games'),
('Health', 'Vitamins and supplements');

-- Insert records into Suppliers table
INSERT INTO Suppliers (SupplierName, ContactPerson, ContactEmail, ContactPhone, Address) VALUES
('Techtronics Inc.', 'John Doe', 'john.doe@techtronics.com', '123-456-7890', '123 Main St'),
('Apparel Plus', 'Jane Smith', 'jane.smith@apparelplus.com', '987-654-3210', '456 Oak Ave'),
('Bookworm Books', 'Alice Johnson', 'alice.johnson@bookworm.com', '555-123-4567', '789 Pine Ln'),
('Cozy Furniture', 'Bob Williams', 'bob.williams@cozy.com', '111-222-3333', '101 Elm Rd'),
('Fresh Foods', 'Eve Brown', 'eve.brown@freshfoods.com', '444-555-6666', '202 Maple Dr'),
('Handy Tools', 'Charlie Davis', 'charlie.davis@handytools.com', '777-888-9999', '303 Birch Ct'),
('Playtime Toys', 'Grace Miller', 'grace.miller@playtime.com', '222-333-4444', '404 Cedar Pl'),
('Sports World', 'David Wilson', 'david.wilson@sportsworld.com', '666-777-8888', '505 Willow St'),
('Auto Parts Co.', 'Susan Moore', 'susan.moore@autoparts.com', '999-000-1111', '606 Redwood Ave'),
('Beauty Essentials', 'Frank Taylor', 'frank.taylor@beauty.com', '333-444-5555', '707 Spruce Ln'),
('Garden Green', 'Laura Anderson', 'laura.anderson@garden.com', '888-999-0000', '808 Palm Rd'),
('Pet Pals', 'Michael Thomas', 'michael.thomas@petpals.com', '123-987-6543', '909 Oak Dr'),
('Office Depot', 'Patricia Jackson', 'patricia.jackson@office.com', '456-789-0123', '1000 Pine Ct'),
('Music Makers', 'James White', 'james.white@music.com', '789-012-3456', '1101 Elm Pl'),
('Sparkle Jewelry', 'Jennifer Harris', 'jennifer.harris@sparkle.com', '012-345-6789', '1202 Maple St'),
('Artistic Supplies', 'Robert Martin', 'robert.martin@artistic.com', '345-678-9012', '1303 Birch Ave'),
('Kitchen Kings', 'Linda Thompson', 'linda.thompson@kitchen.com', '678-901-2345', '1404 Cedar Ln'),
('Hardware Heroes', 'William Garcia', 'william.garcia@hardware.com', '901-234-5678', '1505 Willow Rd'),
('Game Galaxy', 'Elizabeth Martinez', 'elizabeth.martinez@game.com', '234-567-8901', '1606 Redwood Ct'),
('Health Haven', 'Richard Robinson', 'richard.robinson@health.com', '567-890-1234', '1707 Spruce Pl');

-- Insert records into Products table
INSERT INTO Products (ProductName, Description, SKU, UnitOfMeasure, CategoryID, SupplierID, ReorderLevel) VALUES
('Laptop', 'High-performance laptop', 'LP001', 'piece', 1, 1, 10),
('T-Shirt', 'Cotton casual t-shirt', 'TS001', 'piece', 2, 2, 20),
('Novel', 'Science fiction novel', 'NV001', 'piece', 3, 3, 15),
('Office Chair', 'Ergonomic office chair', 'OC001', 'piece', 4, 4, 5),
('Apples', 'Fresh red apples', 'AP001', 'kg', 5, 5, 50),
('Screwdriver Set', '6-piece screwdriver set', 'SD001', 'set', 6, 6, 10),
('Building Blocks', 'Plastic building blocks', 'BB001', 'set', 7, 7, 25),
('Basketball', 'Official size basketball', 'BK001', 'piece', 8, 8, 12),
('Brake Pads', 'Set of brake pads', 'BP001', 'set', 9, 9, 8),
('Lipstick', 'Red matte lipstick', 'LS001', 'piece', 10, 10, 30),
('Garden Shovel', 'Steel garden shovel', 'GS001', 'piece', 11, 11, 18),
('Dog Food', 'Dry dog food', 'DF001', 'kg', 12, 12, 40),
('Notebook', 'A4 lined notebook', 'NB001', 'piece', 13, 13, 22),
('Guitar', 'Acoustic guitar', 'GT001', 'piece', 14, 14, 7),
('Necklace', 'Silver pendant necklace', 'NC001', 'piece', 15, 15, 15),
('Paint Set', 'Watercolor paint set', 'PS001', 'set', 16, 16, 20),
('Cooking Pan', 'Stainless steel pan', 'CP001', 'piece', 17, 17, 10),
('Screws', 'Box of assorted screws', 'SC001', 'box', 18, 18, 30),
('Video Game Console', 'Next-gen console', 'VG001', 'piece', 19, 19, 6),
('Vitamin C', 'Vitamin C tablets', 'VC001', 'bottle', 20, 20, 35);

-- Insert records into Locations table
INSERT INTO Locations (LocationName, WarehouseArea) VALUES
('Aisle 1, Shelf 1', 'Electronics Section'),
('Aisle 2, Shelf 2', 'Clothing Section'),
('Aisle 3, Shelf 3', 'Books Section'),
('Aisle 4, Shelf 4', 'Furniture Section'),
('Aisle 5, Shelf 5', 'Groceries Section'),
('Aisle 6, Shelf 6', 'Tools Section'),
('Aisle 7, Shelf 7', 'Toys Section'),
('Aisle 8, Shelf 8', 'Sports Section'),
('Aisle 9, Shelf 9', 'Automotive Section'),
('Aisle 10, Shelf 10', 'Beauty Section'),
('Aisle 11, Shelf 11', 'Garden Section'),
('Aisle 12, Shelf 12', 'Pet Supplies Section'),
('Aisle 13, Shelf 13', 'Office Supplies Section'),
('Aisle 14, Shelf 14', 'Music Section'),
('Aisle 15, Shelf 15', 'Jewelry Section'),
('Aisle 16, Shelf 16', 'Art Supplies'),
('Aisle 17, Shelf 17', 'Kitchenware Section'),
('Aisle 18, Shelf 18', 'Hardware Section'),
('Aisle 19, Shelf 19', 'Video Games Section'),
('Aisle 20, Shelf 20', 'Health Section');

-- Insert records into Inventory table
INSERT INTO Inventory (ProductID, LocationID, QuantityOnHand) VALUES
(1, 1, 50), (2, 2, 100), (3, 3, 75), (4, 4, 30), (5, 5, 200),
(6, 6, 60), (7, 7, 120), (8, 8, 80), (9, 9, 40), (10, 10, 150),
(11, 11, 90), (12, 12, 180), (13, 13, 110), (14, 14, 35), (15, 15, 70),
(16, 16, 95), (17, 17, 55), (18, 18, 130), (19, 19, 25), (20, 20, 160);

-- Insert records into Shipments table
INSERT INTO Shipments (SupplierID, ShipmentDate, ExpectedDeliveryDate, TrackingNumber, Status) VALUES
(1, '2023-10-26', '2023-10-30', 'TRK1001', 'Shipped'),
(2, '2023-10-25', '2023-10-29', 'TRK1002', 'Received'),
(3, '2023-10-24', '2023-10-28', 'TRK1003', 'Shipped'),
(4, '2023-10-23', '2023-10-27', 'TRK1004', 'Received'),
(5, '2023-10-22', '2023-10-26', 'TRK1005', 'Shipped'),
(6, '2023-10-21', '2023-10-25', 'TRK1006', 'Received'),
(7, '2023-10-20', '2023-10-24', 'TRK1007', 'Shipped'),
(8, '2023-10-19', '2023-10-23', 'TRK1008', 'Received'),
(9, '2023-10-18', '2023-10-22', 'TRK1009', 'Shipped'),
(10, '2023-10-17', '2023-10-21', 'TRK1010', 'Received'),
(11, '2023-10-16', '2023-10-20', 'TRK1011', 'Shipped'),
(12, '2023-10-15', '2023-10-19', 'TRK1012', 'Received'),
(13, '2023-10-14', '2023-10-18', 'TRK1013', 'Shipped'),
(14, '2023-10-13', '2023-10-17', 'TRK1014', 'Received'),
(15, '2023-10-12', '2023-10-16', 'TRK1015', 'Shipped'),
(16, '2023-10-11', '2023-10-15', 'TRK1016', 'Received'),
(17, '2023-10-10', '2023-10-14', 'TRK1017', 'Shipped'),
(18, '2023-10-09', '2023-10-13', 'TRK1018', 'Received'),
(19, '2023-10-08', '2023-10-12', 'TRK1019', 'Shipped'),
(20, '2023-10-07', '2023-10-11', 'TRK1020', 'Received');

-- Insert records into Customers table
INSERT INTO Customers (CustomerName, CustomerAddress, CustomerEmail, CustomerPhone) VALUES
('Alice Wonderland', '123 Fantasy Lane', 'alice@wonderland.com', '111-222-3333'),
('Bob Builder', '456 Construction Rd', 'bob@builder.com', '444-555-6666'),
('Charlie Chaplin', '789 Silent St', 'charlie@chaplin.com', '777-888-9999'),
('Dorothy Gale', '101 Yellow Brick Rd', 'dorothy@oz.com', '222-333-4444'),
('Eve Example', '202 Sample Ave', 'eve@example.com', '555-666-7777'),
('Frankenstein', '303 Monster Ln', 'frank@monster.com', '888-999-0000'),
('Grace Hopper', '404 Code Pl', 'grace@code.com', '333-444-5555'),
('Harry Houdini', '505 Magic St', 'harry@magic.com', '666-777-8888'),
('Ivy Inventor', '606 Gadget Rd', 'ivy@invent.com', '999-000-1111'),
('Jack Sparrow', '707 Pirate Ln', 'jack@pirate.com', '123-987-6543'),
('Karen Carpenter', '808 Music Ave', 'karen@music.com', '456-789-0123'),
('Leonard Lionheart', '909 Brave St', 'leonard@brave.com', '789-012-3456'),
('Mary Poppins', '1000 Umbrella Pl', 'mary@umbrella.com', '012-345-6789'),
('Nathan Navigator', '1101 Map Rd', 'nathan@map.com', '345-678-9012'),
('Olivia Owl', '1202 Wisdom Ln', 'olivia@wisdom.com', '678-901-2345'),
('Peter Pan', '1303 Neverland St', 'peter@neverland.com', '901-234-5678'),
('Quentin Quick', '1404 Speed Ave', 'quentin@speed.com', '234-567-8901'),
('Rachel Reader', '1505 Book Rd', 'rachel@book.com', '567-890-1234'),
('Samuel Singer', '1606 Melody Ln', 'samuel@melody.com', '890-123-4567'),
('Tina Traveler', '1707 Journey Pl', 'tina@journey.com', '123-456-7890');

-- Insert records into Orders table
INSERT INTO Orders (OrderDate, CustomerID, OrderStatus, ShipmentID, DeliveryAddress) VALUES
('2023-11-01', 1, 'Shipped', 1, '123 Fantasy Lane'),
('2023-11-02', 2, 'Delivered', 2, '456 Construction Rd'),
('2023-11-03', 3, 'Pending', 3, '789 Silent St'),
('2023-11-04', 4, 'Shipped', 4, '101 Yellow Brick Rd'),
('2023-11-05', 5, 'Delivered', 5, '202 Sample Ave'),
('2023-11-06', 6, 'Pending', 6, '303 Monster Ln'),
('2023-11-07', 7, 'Shipped', 7, '404 Code Pl'),
('2023-11-08', 8, 'Delivered', 8, '505 Magic St'),
('2023-11-09', 9, 'Pending', 9, '606 Gadget Rd'),
('2023-11-10', 10, 'Shipped', 10, '707 Pirate Ln'),
('2023-11-11', 11, 'Delivered', 11, '808 Music Ave'),
('2023-11-12', 12, 'Pending', 12, '909 Brave St'),
('2023-11-13', 13, 'Shipped', 13, '1000 Umbrella Pl'),
('2023-11-14', 14, 'Delivered', 14, '1101 Map Rd'),
('2023-11-15', 15, 'Pending', 15, '1202 Wisdom Ln'),
('2023-11-16', 16, 'Shipped', 16, '1303 Neverland St'),
('2023-11-17', 17, 'Delivered', 17, '1404 Speed Ave'),
('2023-11-18', 18, 'Pending', 18, '1505 Book Rd'),
('2023-11-19', 19, 'Shipped', 19, '1606 Melody Ln'),
('2023-11-20', 20, 'Delivered', 20, '1707 Journey Pl');

-- Insert records into OrderItems table
INSERT INTO OrderItems (OrderID, ProductID, Quantity, UnitPrice) VALUES
(1, 1, 1, 1200.00), (1, 3, 2, 25.00),
(2, 2, 3, 20.00), (2, 4, 1, 150.00),
(3, 5, 10, 1.00), (3, 7, 5, 30.00),
(4, 6, 2, 15.00), (4, 8, 1, 80.00),
(5, 9, 4, 25.00), (5, 11, 2, 18.00),
(6, 10, 3, 10.00), (6, 12, 1, 40.00),
(7, 13, 2, 12.00), (7, 15, 1, 300.00),
(8, 14, 1, 250.00), (8, 16, 3, 15.00),
(9, 17, 2, 20.00), (9, 19, 1, 400.00),
(10, 18, 5, 2.00), (10, 20, 2, 8.00),
(11, 1, 1, 1200.00), (11, 3, 2, 25.00),
(12, 2, 3, 20.00), (12, 4, 1, 150.00),
(13, 5, 10, 1.00), (13, 7, 5, 30.00),
(14, 6, 2, 15.00), (14, 8, 1, 80.00),
(15, 9, 4, 25.00), (15, 11, 2, 18.00),
(16, 10, 3, 10.00), (16, 12, 1, 40.00),
(17, 13, 2, 12.00), (17, 15, 1, 300.00),
(18, 14, 1, 250.00), (18, 16, 3, 15.00),
(19, 17, 2, 20.00), (19, 19, 1, 400.00),
(20, 18, 5, 2.00), (20, 20, 2, 8.00);

-- Insert records into Adjustments table
INSERT INTO Adjustments (ProductID, LocationID, AdjustmentDate, QuantityChange, Reason, EmployeeID) VALUES
(1, 1, '2023-11-01 10:00:00', 5, 'Restock', 1),
(2, 2, '2023-11-02 11:00:00', -2, 'Damaged', 2),
(3, 3, '2023-11-03 12:00:00', 10, 'Found', 3),
(4, 4, '2023-11-04 13:00:00', -1, 'Sold', 4),
(5, 5, '2023-11-05 14:00:00', 20, 'Restock', 5),
(6, 6, '2023-11-06 15:00:00', -3, 'Damaged', 6),
(7, 7, '2023-11-07 16:00:00', 15, 'Found', 7),
(8, 8, '2023-11-08 17:00:00', -2, 'Sold', 8),
(9, 9, '2023-11-09 18:00:00', 8, 'Restock', 9),
(10, 10, '2023-11-10 19:00:00', -4, 'Damaged', 10),
(11, 11, '2023-11-11 20:00:00', 12, 'Found', 11),
(12, 12, '2023-11-12 21:00:00', -1, 'Sold', 12),
(13, 13, '2023-11-13 22:00:00', 10, 'Restock', 13),
(14, 14, '2023-11-14 23:00:00', -5, 'Damaged', 14),
(15, 15, '2023-11-15 00:00:00', 5, 'Found', 15),
(16, 16, '2023-11-16 01:00:00', -3, 'Sold', 16),
(17, 17, '2023-11-17 02:00:00', 7, 'Restock', 17),
(18, 18, '2023-11-18 03:00:00', -1, 'Damaged', 18),
(19, 19, '2023-11-19 04:00:00', 3, 'Found', 19),
(20, 20, '2023-11-20 05:00:00', -2, 'Sold', 20),
(1, 1, '2023-11-01 10:00:00', 5, 'Restock', 1),
(2, 2, '2023-11-02 11:00:00', -2, 'Damaged', 2),
(3, 3, '2023-11-03 12:00:00', 10, 'Found', 3),
(4, 4, '2023-11-04 13:00:00', -1, 'Sold', 4),
(5, 5, '2023-11-05 14:00:00', 20, 'Restock', 5),
(6, 6, '2023-11-06 15:00:00', -3, 'Damaged', 6),
(7, 7, '2023-11-07 16:00:00', 15, 'Found', 7),
(8, 8, '2023-11-08 17:00:00', -2, 'Sold', 8),
(9, 9, '2023-11-09 18:00:00', 8, 'Restock', 9),
(10, 10, '2023-11-10 19:00:00', -4, 'Damaged', 10),
(11, 11, '2023-11-11 20:00:00', 12, 'Found', 11),
(12, 12, '2023-11-12 21:00:00', -1, 'Sold', 12),
(13, 13, '2023-11-13 22:00:00', 10, 'Restock', 13),
(14, 14, '2023-11-14 23:00:00', -5, 'Damaged', 14),
(15, 15, '2023-11-15 00:00:00', 5, 'Found', 15),
(16, 16, '2023-11-16 01:00:00', -3, 'Sold', 16),
(17, 17, '2023-11-17 02:00:00', 7, 'Restock', 17),
(18, 18, '2023-11-18 03:00:00', -1, 'Damaged', 18),
(19, 19, '2023-11-19 04:00:00', 3, 'Found', 19),
(20, 20, '2023-11-20 05:00:00', -2, 'Sold', 20);

-- Insert records into Employees table
INSERT INTO Employees (FirstName, LastName, JobTitle, Email, PhoneNumber, HireDate) VALUES
('John', 'Smith', 'Manager', 'john.smith@company.com', '123-456-7890', '2020-01-01'),
('Jane', 'Doe', 'Supervisor', 'jane.doe@company.com', '987-654-3210', '2020-02-01'),
('Robert', 'Jones', 'Clerk', 'robert.jones@company.com', '555-123-4567', '2020-03-01'),
('Alice', 'Williams', 'Clerk', 'alice.williams@company.com', '111-222-3333', '2020-04-01'),
('Michael', 'Brown', 'Clerk', 'michael.brown@company.com', '444-555-6666', '2020-05-01'),
('Emily', 'Davis', 'Clerk', 'emily.davis@company.com', '777-888-9999', '2020-06-01'),
('Christopher', 'Miller', 'Clerk', 'christopher.miller@company.com', '222-333-4444', '2020-07-01'),
('Jessica', 'Wilson', 'Clerk', 'jessica.wilson@company.com', '555-666-7777', '2020-08-01'),
('David', 'Moore', 'Clerk', 'david.moore@company.com', '888-999-0000', '2020-09-01'),
('Ashley', 'Taylor', 'Clerk', 'ashley.taylor@company.com', '333-444-5555', '2020-10-01'),
('Matthew', 'Anderson', 'Clerk', 'matthew.anderson@company.com', '666-777-8888', '2020-11-01'),
('Sarah', 'Thomas', 'Clerk', 'sarah.thomas@company.com', '999-000-1111', '2020-12-01'),
('James', 'Jackson', 'Clerk', 'james.jackson@company.com', '123-987-6543', '2021-01-01'),
('Amanda', 'White', 'Clerk', 'amanda.white@company.com', '456-789-0123', '2021-02-01'),
('Joseph', 'Harris', 'Clerk', 'joseph.harris@company.com', '789-012-3456', '2021-03-01'),
('Patricia', 'Martin', 'Clerk', 'patricia.martin@company.com', '012-345-6789', '2021-04-01'),
('Ryan', 'Thompson', 'Clerk', 'ryan.thompson@company.com', '345-678-9012', '2021-05-01'),
('Linda', 'Garcia', 'Clerk', 'linda.garcia@company.com', '678-901-2345', '2021-06-01'),
('William', 'Miller', 'Clerk', 'william.miller@company.com', '901-234-5678', '2021-07-01'),
('Elizabeth', 'Davis', 'Clerk', 'elizabeth.davis@company.com', '234-567-8901', '2021-08-01');

INSERT INTO PurchaseOrders (SupplierID, OrderDate, ExpectedDeliveryDate, OrderStatus, EmployeeID) VALUES
(1, '2023-10-25', '2023-10-30', 'Pending', 1),
(2, '2023-10-24', '2023-10-29', 'Approved', 2),
(3, '2023-10-23', '2023-10-28', 'Received', 3),
(4, '2023-10-22', '2023-10-27', 'Pending', 4),
(5, '2023-10-21', '2023-10-26', 'Approved', 5),
(6, '2023-10-20', '2023-10-25', 'Received', 6),
(7, '2023-10-19', '2023-10-24', 'Pending', 7),
(8, '2023-10-18', '2023-10-23', 'Approved', 8),
(9, '2023-10-17', '2023-10-22', 'Received', 9),
(10, '2023-10-16', '2023-10-21', 'Pending', 10),
(11, '2023-10-15', '2023-10-20', 'Approved', 11),
(12, '2023-10-14', '2023-10-19', 'Received', 12),
(13, '2023-10-13', '2023-10-18', 'Pending', 13),
(14, '2023-10-12', '2023-10-17', 'Approved', 14),
(15, '2023-10-11', '2023-10-16', 'Received', 15),
(16, '2023-10-10', '2023-10-15', 'Pending', 16),
(17, '2023-10-09', '2023-10-14', 'Approved', 17),
(18, '2023-10-08', '2023-10-13', 'Received', 18),
(19, '2023-10-07', '2023-10-12', 'Pending', 19),
(20, '2023-10-06', '2023-10-11', 'Approved', 20);

-- Insert records into PurchaseOrderItems table
INSERT INTO PurchaseOrderItems (PurchaseOrderID, ProductID, Quantity, UnitPrice) VALUES
(1, 1, 10, 100.00),
(1, 3, 5, 20.00),
(2, 2, 15, 15.00),
(2, 4, 2, 120.00),
(3, 5, 20, 0.80),
(3, 7, 10, 25.00),
(4, 6, 5, 12.00),
(4, 8, 3, 70.00),
(5, 9, 12, 20.00),
(5, 11, 8, 15.00),
(6, 10, 10, 8.00),
(6, 12, 4, 35.00),
(7, 13, 6, 10.00),
(7, 15, 1, 280.00),
(8, 14, 2, 230.00),
(8, 16, 8, 12.00),
(9, 17, 10, 18.00),
(9, 19, 2, 380.00),
(10, 18, 25, 1.50),
(10, 20, 10, 6.00),
(11, 1, 10, 100.00),
(11, 3, 5, 20.00),
(12, 2, 15, 15.00),
(12, 4, 2, 120.00),
(13, 5, 20, 0.80),
(13, 7, 10, 25.00),
(14, 6, 5, 12.00),
(14, 8, 3, 70.00),
(15, 9, 12, 20.00),
(15, 11, 8, 15.00),
(16, 10, 10, 8.00),
(16, 12, 4, 35.00),
(17, 13, 6, 10.00),
(17, 15, 1, 280.00),
(18, 14, 2, 230.00),
(18, 16, 8, 12.00),
(19, 17, 10, 18.00),
(19, 19, 2, 380.00),
(20, 18, 25, 1.50),
(20, 20, 10, 6.00);

-- Insert records into CycleCounts table
INSERT INTO CycleCounts (LocationID, CountDate, EmployeeID, Notes) VALUES
(1, '2023-11-01 09:00:00', 1, 'Morning count'),
(2, '2023-11-02 10:00:00', 2, 'Mid-morning count'),
(3, '2023-11-03 11:00:00', 3, 'Late morning count'),
(4, '2023-11-04 12:00:00', 4, 'Lunchtime count'),
(5, '2023-11-05 13:00:00', 5, 'Early afternoon count'),
(6, '2023-11-06 14:00:00', 6, 'Mid-afternoon count'),
(7, '2023-11-07 15:00:00', 7, 'Late afternoon count'),
(8, '2023-11-08 16:00:00', 8, 'Evening count'),
(9, '2023-11-09 17:00:00', 9, 'Late evening count'),
(10, '2023-11-10 18:00:00', 10, 'Night count'),
(11, '2023-11-11 19:00:00', 11, 'Late night count'),
(12, '2023-11-12 20:00:00', 12, 'Midnight count'),
(13, '2023-11-13 21:00:00', 13, 'Early morning count'),
(14, '2023-11-14 22:00:00', 14, 'Pre-dawn count'),
(15, '2023-11-15 23:00:00', 15, 'Dawn count'),
(16, '2023-11-16 00:00:00', 16, 'Post-dawn count'),
(17, '2023-11-17 01:00:00', 17, 'Early morning count'),
(18, '2023-11-18 02:00:00', 18, 'Mid-morning count'),
(19, '2023-11-19 03:00:00', 19, 'Late morning count'),
(20, '2023-11-20 04:00:00', 20, 'Very early count');

-- Insert records into CycleCountItems table
INSERT INTO CycleCountItems (CycleCountID, ProductID, SystemQuantity, ActualQuantity) VALUES
(1, 1, 50, 50),
(1, 2, 100, 98),
(2, 3, 75, 75),
(2, 4, 30, 32),
(3, 5, 200, 200),
(3, 6, 60, 58),
(4, 7, 120, 120),
(4, 8, 80, 82),
(5, 9, 40, 40),
(5, 10, 150, 148),
(6, 11, 90, 90),
(6, 12, 180, 182),
(7, 13, 110, 110),
(7, 14, 35, 33),
(8, 15, 70, 70),
(8, 16, 95, 97),
(9, 17, 55, 55),
(9, 18, 130, 128),
(10, 19, 25, 25),
(10, 20, 160, 158),
(11, 1, 50, 50),
(11, 2, 100, 98),
(12, 3, 75, 75),
(12, 4, 30, 32),
(13, 5, 200, 200),
(13, 6, 60, 58),
(14, 7, 120, 120),
(14, 8, 80, 82),
(15, 9, 40, 40),
(15, 10, 150, 148),
(16, 11, 90, 90),
(16, 12, 180, 182),
(17, 13, 110, 110),
(17, 14, 35, 33),
(18, 15, 70, 70),
(18, 16, 95, 97),
(19, 17, 55, 55),
(19, 18, 130, 128),
(20, 19, 25, 25),
(20, 20, 160, 158);

-- Insert records into Returns table
INSERT INTO Returns (OrderID, ReturnDate, Reason, ReturnStatus) VALUES
(1, '2023-11-05', 'Wrong item', 'Pending'),
(2, '2023-11-06', 'Damaged item', 'Approved'),
(3, '2023-11-07', 'Changed mind', 'Pending'),
(4, '2023-11-08', 'Defective', 'Approved'),
(5, '2023-11-09', 'Too small', 'Pending'),
(6, '2023-11-10', 'Too large', 'Approved'),
(7, '2023-11-11', 'Not as described', 'Pending'),
(8, '2023-11-12', 'Arrived late', 'Approved'),
(9, '2023-11-13', 'Missing parts', 'Pending'),
(10, '2023-11-14', 'Incorrect quantity', 'Approved'),
(11, '2023-11-15', 'Wrong color', 'Pending'),
(12, '2023-11-16', 'Wrong size', 'Approved'),
(13, '2023-11-17', 'Not needed', 'Pending'),
(14, '2023-11-18', 'Duplicate order', 'Approved'),
(15, '2023-11-19', 'Poor quality', 'Pending'),
(16, '2023-11-20', 'Not satisfied', 'Approved'),
(1, '2023-11-05', 'Wrong item', 'Pending'),
(2, '2023-11-06', 'Damaged item', 'Approved'),
(3, '2023-11-07', 'Changed mind', 'Pending'),
(4, '2023-11-08', 'Defective', 'Approved');

-- Insert records into ReturnItems table
INSERT INTO ReturnItems (ReturnID, ProductID, Quantity) VALUES
(1, 1, 1),
(1, 3, 2),
(2, 2, 3),
(2, 4, 1),
(3, 5, 10),
(3, 7, 5),
(4, 6, 2),
(4, 8, 1),
(5, 9, 4),
(5, 11, 2),
(6, 10, 3),
(6, 12, 1),
(7, 13, 2),
(7, 15, 1),
(8, 14, 1),
(8, 16, 3),
(9, 17, 2),
(9, 19, 1),
(10, 18, 5),
(10, 20, 2),
(1, 1, 1),
(1, 3, 2),
(2, 2, 3),
(2, 4, 1),
(3, 5, 10),
(3, 7, 5),
(4, 6, 2),
(4, 8, 1),
(5, 9, 4),
(5, 11, 2),
(6, 10, 3),
(6, 12, 1),
(7, 13, 2),
(7, 15, 1),
(8, 14, 1),
(8, 16, 3),
(9, 17, 2),
(9, 19, 1),
(10, 18, 5),
(10, 20, 2);